{
  "main": {
    "id": "de0669a7f1c28e67",
    "type": "split",
    "children": [
      {
        "id": "ef4f4c64ab4e016f",
        "type": "tabs",
        "children": [
          {
            "id": "482a4817220114c2",
            "type": "leaf",
            "state": {
              "type": "empty",
              "state": {}
            }
          },
          {
            "id": "0c6fb141051593b9",
            "type": "leaf",
            "state": {
              "type": "markdown",
              "state": {
                "file": "01_Hello.md",
                "mode": "source",
                "source": false
              }
            }
          }
        ],
        "currentTab": 1
      }
    ],
    "direction": "vertical"
  },
  "left": {
    "id": "11681e1faeb0f011",
    "type": "split",
    "children": [
      {
        "id": "3b5ee6d9a48b92c2",
        "type": "tabs",
        "children": [
          {
            "id": "6faf5afca3b53119",
            "type": "leaf",
            "state": {
              "type": "file-explorer",
              "state": {
                "sortOrder": "alphabetical"
              }
            }
          },
          {
            "id": "418e56f10d05d173",
            "type": "leaf",
            "state": {
              "type": "search",
              "state": {
                "query": "",
                "matchingCase": false,
                "explainSearch": false,
                "collapseAll": false,
                "extraContext": false,
                "sortOrder": "alphabetical"
              }
            }
          },
          {
            "id": "77ada2a116d44bc6",
            "type": "leaf",
            "state": {
              "type": "bookmarks",
              "state": {}
            }
          }
        ]
      }
    ],
    "direction": "horizontal",
    "width": 300
  },
  "right": {
    "id": "f8335774a33476aa",
    "type": "split",
    "children": [
      {
        "id": "6c1bae47a85f468c",
        "type": "tabs",
        "children": [
          {
            "id": "329b03125f4442a2",
            "type": "leaf",
            "state": {
              "type": "backlink",
              "state": {
                "file": "01_Hello.md",
                "collapseAll": false,
                "extraContext": false,
                "sortOrder": "alphabetical",
                "showSearch": false,
                "searchQuery": "",
                "backlinkCollapsed": false,
                "unlinkedCollapsed": true
              }
            }
          },
          {
            "id": "6b5dfa4f2998d7a4",
            "type": "leaf",
            "state": {
              "type": "outgoing-link",
              "state": {
                "file": "01_Hello.md",
                "linksCollapsed": false,
                "unlinkedCollapsed": true
              }
            }
          },
          {
            "id": "e3544312f6b365c9",
            "type": "leaf",
            "state": {
              "type": "tag",
              "state": {
                "sortOrder": "frequency",
                "useHierarchy": true
              }
            }
          },
          {
            "id": "3be1f3738900cdf6",
            "type": "leaf",
            "state": {
              "type": "outline",
              "state": {
                "file": "01_Hello.md"
              }
            }
          }
        ]
      }
    ],
    "direction": "horizontal",
    "width": 300,
    "collapsed": true
  },
  "left-ribbon": {
    "hiddenItems": {
      "switcher:Schnellauswahl öffnen": false,
      "graph:Graphen-Ansicht öffnen": false,
      "canvas:Neuen Canvas erstellen": false,
      "daily-notes:Heutige Notiz öffnen": false,
      "templates:Vorlage einfügen": false,
      "command-palette:Befehlspalette öffnen": false,
      "obsidian-markbase:Sync all Markbase projects": false
    }
  },
  "active": "0c6fb141051593b9",
  "lastOpenFiles": [
    "01_Hello.md"
  ]
}